q1_radians,q2_radians,collision
3.0734259171201757,1.14810643114982,1
-2.603351427556565,1.2086636939000275,0
1.615730086740644,1.3829321745503151,0
0.042407947032643986,-1.0156328324526975,0
2.798384924375982,0.2706959285548294,0
1.8389880833837693,0.9048014360858864,0
-0.8581006539651442,2.875357393399706,0
2.4380989432129985,0.1527296759069012,0
-0.1136660400639563,0.7938911533245688,0
-1.2458183854963536,1.8307367441166544,0
1.3873893363004213,-1.3422777367183678,0
-2.936701719242822,-0.5911283434625244,0
0.3964611832739269,-1.9184652203026784,0
2.84702891959935,-1.9922085185670497,0
-2.691538829921564,-1.1521115760830396,0
-0.9175752929682985,-2.56361471773453,0
0.8638515370782237,-2.9945340995764536,0
0.6480881165685626,0.2701004418989914,0
-2.903344498192101,-1.1713184382059416,0
-2.3729074866071587,-1.2703455017777676,1
-2.3125508308873246,2.0421400601761786,0
-2.30107527722731,2.5047621700154035,0
1.7077981572653338,-2.1848051332634024,0
2.392311948000863,1.592300284829635,0
1.6231079161597102,-1.6628295901097265,0
-1.4141822800826456,-1.449828679732558,0
2.628835053806173,2.106828302221112,0
-2.051594570565914,1.0946956168435895,0
0.8330620854311195,-0.8639863318129655,0
1.5033316417856832,-0.512949901828058,0
-0.6838742029512738,0.45769307508514273,0
0.5473840836699473,-1.292635188724126,1
-1.8444763229624055,2.501168210392559,0
1.0645693776448029,1.0566963255862973,0
2.889269418102805,-0.4700243948598224,0
-2.48770114685245,-0.2392886573444891,0
-3.0693000960745973,1.829146350281796,0
-0.6418943086744595,1.737413045152857,0
0.9477210226246552,0.04974015827724455,0
1.6874225435563799,-1.268925874370302,0
-1.784915918923936,-0.09826164288898216,0
0.11886022725698757,2.3640812849032873,0
2.890720188110342,1.6297644435793674,1
1.0377770570656804,2.618594722340978,0
3.1008345767894383,1.338826979220467,1
-1.4207193821849018,-0.142753402617932,0
2.3777131227583364,-1.4397036686366336,0
-1.8232496654383463,-1.8308841331131405,0
1.2906859045114716,2.3023083957459316,0
-1.5832377721167472,0.19446060200747728,0
1.4425306510317975,-2.0163417719510646,0
1.5917262489415933,1.1701880648127811,0
2.477059719822872,2.5838608251575987,0
-0.7513632279914899,0.3583950732333642,0
2.013542418226746,-2.3791539639408694,0
-0.016346014637120997,-0.6743749477491655,0
-2.5719598066438367,2.377448947548664,0
-1.3429730455893445,2.0935816463075794,0
2.5388991571236534,-1.5516536150926885,0
1.4019659017814539,2.3369085588101766,0
-0.4233388680488108,2.586120062212462,0
2.460381824664452,0.9231093760107849,0
-0.28313698327755293,2.0596896760338357,0
-1.055232888171112,-1.8704874555276259,0
-2.5324984457997632,2.3799066733285223,0
-0.750604301202,0.690762605812331,0
1.6144112602405123,-1.0050757514278978,0
1.2543735479789249,-2.563479181300322,0
0.2729636285907811,0.28802081093714965,0
-0.2817244393194273,-2.920068617173071,0
1.9086308749370056,-1.6965058765193717,0
2.144492361411786,-2.9064652520925987,0
0.45004437321743734,-1.174659912797485,1
2.561280185749045,-0.7756672024524371,0
-3.0676869129019,-2.19044458883222,0
2.4563801878087865,0.27494780925129847,0
-1.9491368178063988,0.08681487360509522,0
0.03186651630545617,1.4459489478404375,0
1.5414506319260572,1.893881604662125,0
2.4625702857426406,-0.5761926169638508,0
-1.277649121751427,-1.4070180937569572,0
-1.9682979403326344,-0.6320388651042474,0
0.9727847065362648,-1.1722365421858005,0
2.517280390740972,-2.726512530099414,0
-2.038529094130663,2.8025108551404165,0
0.4640608517343141,0.13719783369761554,0
2.054219592731481,-1.8101316365969335,0
-0.612869329336138,3.129319260982298,0
1.8914551224236857,-2.6728104429519295,0
1.8339001362274905,1.6233552092947476,0
1.555731041345287,2.7023530875559443,0
-2.8882722960658125,-1.8730057461159657,0
2.8776451939300665,2.928980591226848,0
0.6609883739617777,-2.8563420565117417,0
-2.655525438253532,2.4508241609951114,0
0.9781879447228233,1.4146313652117009,0
-2.0524661040116374,1.8212928325684028,0
2.2901580462522477,-0.5702249352430963,0
-1.6382035337527754,-2.2286687657083295,0
0.8927859822682916,-1.502533633139706,0
-0.25047613756508863,-1.5485638092241576,0
-1.4676873619040678,2.1555817880852044,0
2.006221133517279,0.5389109396894901,0
0.6983953589471361,1.9221318547698645,0
2.3512919386442515,2.135959091498271,0
-0.4655885127160973,-1.5937117988934328,0
1.754267562799741,1.2913106451401408,0
-0.8100576605987734,-0.7436992298523477,0
2.4087240543509694,0.6639070783946756,0
-1.5020883369684757,-0.45973296805487285,0
-0.11364600978961496,2.718857015422214,0
-1.77390368312297,1.9919939172623298,0
0.3071969298366158,0.2662262222821936,0
1.1925583248981917,-2.105087265859959,0
0.18504933840200077,0.13994854393288078,0
0.23808501369932852,0.5938069552431711,0
0.12476253702045197,0.004419886597446364,0
0.8850027255844095,-0.9997619677560502,0
-0.5447725788674328,-3.0732336443340995,0
1.4188197830589733,1.6212454649125687,0
2.1340500082744347,1.1094237640443234,0
-0.7867872275204018,-2.3634982154961057,0
2.9988651314556014,-1.6674644832402008,0
-0.5581130663465694,2.411906025521412,0
0.40925560732161553,1.0052167269915244,0
-2.3915475381944122,-1.733166922501948,0
1.2126315417368163,2.569892772154982,0
-3.1391508443586376,-2.426717090918879,0
-1.8954086234228715,-2.850091279661796,0
-3.0360579715666804,-1.8365574406063125,0
1.5560475231908832,1.7067313257189463,0
0.18885704791124275,-1.566355529246425,0
2.705080617854244,0.6943056968477228,0
-0.732986495806832,2.3424593908017526,0
2.792880355705745,-1.3372920299808129,0
2.0922001323048334,2.620126163503078,0
1.2497002064354912,-2.873901476846366,0
-1.3716089296802874,1.192355434252696,0
-0.5296323715313116,2.6073007226662726,0
-3.036720187767786,1.7286344775245648,0
-2.791721268156525,-1.5870620784315985,0
-0.5922919528915277,-1.2394490171923118,0
-2.213285490144584,2.7594169692270936,0
-1.5429222602195685,1.9528205757297026,0
2.198000243258412,-1.85116376769275,0
-1.3965925510112547,-2.549577579888538,0
-1.1354327636749844,2.269961106042905,0
2.442451826699496,1.1234558606746146,0
1.3890695211211488,-0.6501007100240155,0
1.6220644839880007,1.9605648836826424,0
-0.30405472224248553,-0.9099738462803897,0
2.1824101213186844,-2.4435668409157425,0
-0.5863109030253648,1.8020528850902202,0
2.3120926186123727,-1.5159872188155505,0
-0.8077384351251518,1.7893036418044916,0
-0.8053052132231214,-0.706533011924475,0
2.2650859564133548,-0.7737537319372811,0
2.6600568942982936,-2.8679875398100076,0
3.0562454715656577,-1.3566972286852295,0
-2.7736944337922296,2.3195663671811424,0
-1.9815590030634116,-1.1724966899820004,0
3.034556116459816,-0.6477297265087495,0
2.3430273233955674,-0.6301003084698682,0
-1.8084813435813196,0.5891332479702176,0
-0.7944256874986342,0.3959682486383636,0
0.6767857592091396,-2.84417373799529,0
1.1086081184579823,-1.2812304812608544,0
0.07340099006300364,2.727945332547102,0
2.3301242396446233,-2.2082009091628056,0
2.720966892929938,-2.13063185190593,0
-1.1020651471283922,0.14377785489048123,0
3.072005233485857,-1.1376444836877146,0
2.7532969231254656,2.8139086722595352,0
-2.804026629912806,-0.985238046845018,0
-2.8123801700998565,-0.9726331087244646,0
-1.1334957284754075,-3.043771208602535,0
2.1183333292916697,-2.7952262340838527,0
1.3886781056856963,1.2803935399760333,0
-1.6326225832037835,0.8551597833975093,0
-0.4600670561195532,2.991910467183062,0
2.0305083999908433,1.2868714553386384,0
-0.9265407630103981,3.0356533152596925,0
-2.7398217506304428,-1.057440389128102,0
-0.647613188991637,1.5438934725144589,1
2.8422182685649964,1.6201451778926264,1
-0.9142774718522405,1.5213053210215681,0
2.880232727356934,-0.322062777127397,0
1.309569400296296,-0.4229621885871707,0
1.259970230748941,1.5742833397915559,0
1.6111395756188585,0.7157407148679757,0
2.4642095000796402,1.0346283614298686,0
1.712537710481035,1.5224507215092389,0
-0.660353915168308,0.03706598024399937,0
-2.14569204201187,0.7443744104334719,0
-0.27741960684016104,-0.2500362512649157,0
1.80368435327599,-2.687563471463356,0
-0.26270238763747916,-1.2102556003921796,0
3.086833330175603,0.24811141387628377,0
1.6473856327040528,2.0385909097341024,0
2.526659181953843,1.073628039957306,0
-0.21815518623916122,0.8503419084736802,1
-2.5888726815558205,-0.8554877579275363,1
-2.141283482789111,0.14097588693155463,0
1.2497863284228177,2.248222719774718,0
-3.063952486810921,-0.21512430232210897,0
0.43459227467265255,1.7816574225087667,0
1.604953916178457,2.671679147920379,0
3.0193472631557428,-1.2106730616211154,0
-0.6374349744910057,-2.3143883276778703,0
-2.889145933187734,1.635155153335495,0
1.6203152231014062,-0.6131151507755876,0
2.3604327277148065,-0.6669272318076164,0
-2.387193264935739,1.5508697923633257,0
-2.5086182713917893,-2.1862254189840034,0
0.7688983638859985,-1.3987397855950512,0
-1.5427833883321398,0.6306926322968188,0
-2.030461498837222,-1.9336200802262815,0
-2.090362397058641,-0.6085924546842847,0
-3.0380392044472684,-0.9759317315196301,0
-0.26964537636082797,3.0724048778355053,0
-1.937275946153486,1.035967779964884,0
0.6773906582798996,-1.284197129907964,0
0.5962131029203084,2.8286841507118057,0
-1.0380481650441302,1.471257202396539,0
-0.9936190123573007,1.815567743626897,0
-1.954586629452929,1.6586675003991267,0
0.5485328927567427,0.8404766267793851,0
0.6495080892246947,1.372410390812932,0
-2.4922164113199106,-1.320248969988955,1
2.109971163739624,1.7097989566752316,0
-1.8923801781902574,-1.0419068206754827,0
0.05787636296568493,-1.9439907094160427,0
1.9313096454273984,-1.6933808903968706,0
1.2845835728848651,-1.5537859791142092,0
2.028441536663404,-2.1564456236559946,0
1.933828377816998,-0.08494998074767936,0
-3.08129244310113,1.9474329205465244,0
0.41668980882594836,-2.4555794171734755,0
-2.7241588602196165,1.2793812035910166,0
-2.7981815290237493,1.960463796043365,0
1.0790458034574737,1.41371912753334,0
0.03595665970491764,-1.3809820462339288,0
0.5546417109621126,2.92727290354623,0
-1.8280893612482458,-2.5819883017194813,0
-2.1631409710698035,-2.5517759624771394,0
2.6988230296577207,2.3035521833261057,0
1.56431805448028,1.7538177783958437,0
0.3129773024523371,2.2842491138586385,0
-2.950911671601518,2.7806033292097414,0
2.4469839644640827,-1.125485463478575,0
-2.6766491911940595,2.1409398067593393,0
2.5380612473870636,-1.4062197179185418,0
1.1961446831986957,-1.5480789396559653,0
1.362111314409346,1.2503362027558622,0
0.18274208252410376,-1.3189189258329914,0
-1.9626935655393574,-2.5402672473901045,0
1.8108016867243537,0.4875906323926963,0
2.9513285769215836,2.9848584003618868,0
0.6791366948950474,2.205787781903512,0
-1.5096892438396134,1.9759660112357094,0
-0.13826774614947798,-1.8422839602816998,0
1.2129958405227517,-0.5146453653652054,0
-1.6751154497050929,0.23354961216450706,0
-2.589878870759068,1.9279057232518053,0
-0.17379314345629995,2.5858750760992355,0
3.0819166731713894,-2.9431185767935526,0
-0.19592076833783734,2.6333398218364144,0
-1.7174229323015613,0.31200359441920344,0
2.5846945143755296,-1.6387706383349576,0
2.5725579616622514,-2.793413125600607,0
-2.8590565726908075,2.8578527710504944,0
0.6868525139813114,2.5487844705552076,0
-2.8626334600596666,-0.7841089800063568,0
0.8680623097766653,0.19027426881846785,0
1.238784877253932,-0.7402990483582833,0
0.9458636930537091,-0.1945927883592837,0
1.4079854966131693,0.42243086844412553,0
-3.0431706909714222,2.668479415461536,0
-1.1573686116996744,1.0923478293573883,0
1.023357682132265,2.9764071050629433,0
1.3387319963383344,-2.4424685844260945,0
-0.9178518605570202,2.0384323967085414,0
2.5715482117163986,0.346220578276782,0
0.5349404673776669,1.6589136744018333,0
1.9042697815542469,2.516746286664822,0
0.4562137357504358,1.1587183950092814,0
-0.7581067390572221,-2.6154029920440283,0
-2.9942142837405545,-1.0812087439297688,0
1.5494898758671218,0.23169831274188374,0
0.9199355123323374,0.9002669869107345,0
-2.4565600009215816,-1.3021423100367466,1
0.6582095727735543,2.467181507395674,0
-3.134915974473594,-3.1138363446052555,0
-0.8496850392381542,-0.626774174037304,0
-0.8608206048848748,-0.657526101835675,0
0.8972584037168826,-2.619810925137849,0
-1.3486084898367892,2.551409287912244,0
-0.6023107298023719,-2.170281285498274,0
0.002951170973831068,0.3302138201939154,1
-2.408354974748751,0.8926753373852024,0
2.8218515581754726,-1.4937337098332923,0
1.336914434732455,0.6761174499542337,0
-3.1378368893757096,-1.8642860316820022,0
2.902253802063086,-1.7957696051263892,0
-2.1725296399055454,2.339274486480561,0
-1.8347709235849934,-2.9715431687004705,0
-1.254401568711815,2.8710835543028668,0
1.091844004759643,-1.9416350250980496,0
2.319117372753008,-1.644957939169444,0
1.7963549054836412,-0.7907834881521262,0
-0.34598593353145796,-2.8370524722231294,0
-1.7371571237269883,0.7498071205676553,0
1.1007594634842846,-2.82139694906775,0
0.9030542101183402,-0.04460705961736731,0
0.3181241613196679,-0.9052537352459619,1
-1.3395895793972539,-2.0595755040552572,0
-0.7148813543635899,-1.6368983372603882,0
2.6045917480208907,-0.8656912370233965,0
-2.637440212977021,3.019620847854501,0
1.7885555215908533,-1.9994129980453954,0
-0.12699111716404599,0.5140654704902563,1
0.7194683603336575,-0.5638052293908652,0
2.7076579459645904,-0.6941862320315336,0
1.4897474701904108,1.4777460164988347,0
-0.9958684303060157,2.3815997376800198,0
2.5303177586682484,2.45947092848197,0
-1.0386997399791273,-2.3836386387912922,0
-0.4456064854130256,2.0904539450091235,0
-1.1206703110452916,1.203688166146468,0
0.9636309560115275,-1.0944588201457708,0
0.4468046358007985,-2.8255897834647037,0
2.4442558972748487,0.6814534670550499,0
0.6551888020091841,0.8669706876205066,0
-1.0015414364380635,-3.134600825346368,0
-0.04461584444043331,-1.7380628382536336,0
1.1298083790882192,0.7139099431118406,0
2.443726101492442,-1.530928238151835,0
-1.6605033470180786,0.2334506223497554,0
2.285103023530261,-1.5967949367813585,0
-3.12661467801699,-2.1228424041527365,0
2.417167525964025,-0.45203836128075814,0
2.62003864150315,0.08040534088518733,0
0.0530675025430603,-1.6343043318839379,0
-2.4401003555855714,1.5010713090051788,0
0.7346276294923516,-0.8535024873930499,0
-2.5643186431929936,-2.1652050767966635,0
-1.4049979370150345,-0.871036432472242,0
-2.8584997363306237,-0.18553025662846095,1
0.29069220614291125,-2.1728170521059886,0
1.4565648893741565,-2.558737050422965,0
1.9876164435858377,2.3877818948945397,0
1.0280220969495788,0.9944412205941454,0
0.0027183621906964922,2.3716631182485073,0
0.12258701691559298,-2.088445718364137,0
-2.107124532891737,2.0232091453647323,0
-3.107736293667935,-0.7898549974539046,0
-0.513592042404362,-1.4014147547096805,0
0.6826338737094395,-1.1654259475486253,0
-2.227160624442478,-2.0424963480227114,0
2.8369840383782994,-2.39202058299577,0
2.5532838023818667,3.113974458701119,0
1.2327117279171707,-0.0040395688585431215,0
0.5281832341403511,0.9769591827742418,0
-1.8551262641752049,0.2735225291283747,0
0.6805126863820444,-0.7846194447892639,0
-0.5833139895290312,1.3903564691734152,1
-1.0590837596153646,-2.893264877055422,0
0.5052839228978364,-1.6970134125402843,0
-0.7150716858573749,1.9940226364637705,0
3.0905157524547002,-2.6568042788138033,0
-2.4946255974778984,-2.7986126144087575,0
0.6911883339913327,0.2496687018750083,0
-1.1633401555241583,1.307519338582997,0
-1.0323137192785894,2.441113483409269,0
-2.334810563123092,2.1050967572724577,0
-0.26939423428832404,0.1312475314436427,0
-0.07259558636613542,2.534690404715079,0
-1.3736389918405247,2.456833427625187,0
0.7217163416968188,2.7621155147294885,0
-2.223964520020471,2.378446818599713,0
0.8774171062072003,1.7496116138893518,0
-1.4845656680618387,-0.08546707547532176,0
-3.002006888470963,2.711061698441686,0
-2.496241370015596,-3.0890844524238803,0
0.4475889881065061,2.1290732882426404,0
-1.5272522951369107,-2.783945623035409,0
-2.1930996432430363,0.13120797121294317,0
-3.089735519726304,-2.5623397436667426,0
-0.626572105551769,2.478403999634665,0
-2.925940113493032,-0.9906284435366768,0
-2.873814700934658,-1.4441965592349897,0
2.9217279568740873,-1.5312325631481927,0
0.7209419723440841,1.857956625911132,0
1.5118832171931242,2.383384407035805,0
1.2104269007846715,2.270131296080575,0
2.984685455649474,1.834863396099702,0
2.781240671414745,1.4607008352757618,0
1.7387034573951352,0.021783545086375658,0
0.4762359845231789,2.67748756467568,0
1.4520591309483752,-0.3830239515592902,0
-2.9297762036130117,-2.5422633084083435,0
3.1223628002463575,2.5991697625391463,0
3.0412111794984753,-0.38462185894140366,0
1.3840088281286869,1.4513929399988483,0
2.8492851576721505,2.5108412236895323,0
-1.7669147792527853,-1.2619804601287778,0
-2.030240756202405,1.0732663217588625,0
0.8786500389352259,-0.6046347170743415,0
-0.06304593802495062,1.7042683509890197,0
-2.8573350019176176,-2.9602413658207305,0
-0.9777728651245206,1.3118708469265004,0
-2.3505474274495146,2.3005494503416526,0
-1.4274836842423766,-0.024565155077311187,0
3.1384828818153165,-0.6065036300306392,0
-0.7386574655569134,0.2158675202972637,0
1.8493199423185935,1.4641091740010361,0
1.2873877615534361,-2.3183256605064435,0
2.967388280935575,-0.1897997596361129,0
-0.12121918558564203,1.0481413357280593,0
0.5926817035262061,-0.49563010454898127,0
1.2975024122635233,1.117209613019042,0
3.025374011656866,2.499125511545953,0
0.14452291467949777,-0.8280402753382863,0
-0.1606951141679487,1.9300603558123286,0
-1.4328407381051727,-1.134695237914076,0
-1.6042919252667354,2.6378320658249796,0
-1.2555134098587475,-0.5598212324013991,0
-0.8734375447853506,2.8190679600788675,0
2.128401236843288,-1.7666231245899122,0
0.3992286058853297,-1.0491731377010387,1
0.22324571983460412,-0.5803707022207294,1
-0.3188762796884169,2.3058197590140206,0
-0.19362963381717388,2.3905463711889308,0
-3.0069041442556097,0.3977201720358623,0
1.3990964494115308,1.2825359688739393,0
1.9277695328932158,-0.6713787159726569,0
2.164789393013194,-2.677335623078131,0
3.0976338788046625,1.8381543590558045,0
1.733767317247942,2.0994868292421516,0
-1.321482410349554,-2.663934921890852,0
-2.691248159802558,-1.129700390864362,0
-0.21066789836356792,-2.211456413910503,0
-0.042338478904731906,0.23306524584013402,1
1.7011696783740105,-2.180232305895359,0
-1.2428055613029898,2.770052073524733,0
1.1210484431845842,2.8546979092149787,0
2.083372553995049,-1.0174117437629226,0
1.1363159536519634,0.5229910818663681,0
-2.1105072968831498,1.062011572176224,0
-2.75799830003097,-2.841077231961956,0
3.108361366379008,1.1967660415607657,1
2.276058307215808,-2.241222250074199,0
-3.1046317445110008,2.0315079460830927,0
0.01222425465213041,-2.1764762988368744,0
-1.0445371810291209,1.1374678275521348,0
1.4743760749843868,0.5367115447615775,0
2.8475870608824603,-2.8635147116701907,0
2.6159158925855373,-1.0998813074084164,0
-2.7647051094079296,-1.2726645575528919,0
1.720098995678914,2.2505244399706035,0
1.747004496378157,0.5842062715418729,0
-2.313039208533071,-0.34375609966707,0
1.6978294121528006,-1.5178673113918102,0
-1.2425509579663103,-0.6929298282458444,0
0.5045515539231575,-1.8055313970699207,0
-2.6020600805096343,1.8387319308168437,0
1.789050862726657,-0.5889841649145956,0
0.5860041963983742,-0.41837365825646455,0
-1.3699145808867161,0.3280781294966825,0
-1.0360289226260069,1.0466038878243258,0
-1.271370236393506,1.0174664598249232,0
-1.3413248226028127,-0.15003093437348383,0
2.7254399551366477,-2.1813512363433034,0
2.3755268063180526,-2.6537835753436645,0
-1.0064277086337705,0.2681454128070395,0
-2.408154660301993,1.3122585465500316,0
2.1002670985435,3.1201031374823334,0
-1.3211788314414168,-0.004077429178434556,0
0.34058733864688295,-1.6207761783477568,0
2.856708832017985,0.37688250150324415,0
-0.24155122546381871,0.7406853845421646,1
-2.081196220507738,1.1475051045250093,0
1.7830975585647855,-1.4293647818433564,0
-2.1322664507363895,-1.313445409061905,0
-1.7758855830942017,1.7422305719021833,0
2.4969814836785864,0.20579146429194387,0
-0.17621745033555528,1.0714340929363206,0
-1.5671568206805726,0.9707413157294071,0
3.039117164411485,1.2427609525419987,1
1.34229136087444,-2.834958793607297,0
2.358580717313997,1.6594461853601952,0
2.352944436277411,0.7244173814745386,0
-0.05032841665485291,2.285227024855414,0
-2.538604323539794,-1.0955968416746495,1
-2.579703260252618,0.018395815951002002,0
-2.4663825332237646,-2.3045533196103074,0
0.029932523975484196,-0.7417568228175837,0
-0.24663960271801275,0.7433304252787283,1
2.425520782344968,-0.9370456602843924,0
-2.806957106447488,-3.084893566633808,0