scene,replicate,trainingCount,accuracy,recall,falseSafeRate,boundaryCount,boundaryRecall,falseSafe,baselineAccuracy
Workshop,0,100,0.955,0.15384615384615385,0.8461538461538461,26,0,33,0.961
Workshop,0,500,0.959,0.38461538461538464,0.6153846153846154,26,0.14285714285714285,24,0.961
Workshop,0,1500,0.978,0.7435897435897436,0.2564102564102564,26,0.7142857142857143,10,0.961
Workshop,1,100,0.946,0,1,24,0,52,0.948
Workshop,1,500,0.955,0.4230769230769231,0.5769230769230769,24,0.4,30,0.948
Workshop,1,1500,0.982,0.8269230769230769,0.17307692307692307,24,0.8,9,0.948
Workshop,2,100,0.952,0,1,27,0,48,0.952
Workshop,2,500,0.965,0.375,0.625,27,0.25,30,0.952
Workshop,2,1500,0.977,0.6458333333333334,0.3541666666666667,27,0.375,17,0.952
Workshop,3,100,0.932,0.21153846153846154,0.7884615384615384,25,0.21428571428571427,41,0.948
Workshop,3,500,0.952,0.34615384615384615,0.6538461538461539,25,0.2857142857142857,34,0.948
Workshop,3,1500,0.97,0.6153846153846154,0.38461538461538464,25,0.5714285714285714,20,0.948
Workshop,4,100,0.948,0,1,20,0,52,0.948
Workshop,4,500,0.959,0.5384615384615384,0.46153846153846156,20,0.3333333333333333,24,0.948
Workshop,4,1500,0.976,0.75,0.25,20,0.2222222222222222,13,0.948
Three obstacles,0,100,0.773,0.44656488549618323,0.5534351145038168,113,0.4,145,0.738
Three obstacles,0,500,0.861,0.7175572519083969,0.2824427480916031,113,0.38,74,0.738
Three obstacles,0,1500,0.927,0.8625954198473282,0.13740458015267176,113,0.58,36,0.738
Three obstacles,1,100,0.741,0.479020979020979,0.5209790209790209,97,0.37777777777777777,149,0.714
Three obstacles,1,500,0.897,0.8286713286713286,0.17132867132867133,97,0.6666666666666666,49,0.714
Three obstacles,1,1500,0.94,0.8671328671328671,0.13286713286713286,97,0.5555555555555556,38,0.714
Three obstacles,2,100,0.757,0.5915492957746479,0.4084507042253521,114,0.4489795918367347,116,0.716
Three obstacles,2,500,0.876,0.8345070422535211,0.16549295774647887,114,0.7346938775510204,47,0.716
Three obstacles,2,1500,0.941,0.9401408450704225,0.05985915492957746,114,0.8367346938775511,17,0.716
Three obstacles,3,100,0.775,0.4423076923076923,0.5576923076923077,104,0.32653061224489793,145,0.74
Three obstacles,3,500,0.879,0.7846153846153846,0.2153846153846154,104,0.5102040816326531,56,0.74
Three obstacles,3,1500,0.934,0.9076923076923077,0.09230769230769231,104,0.673469387755102,24,0.74
Three obstacles,4,100,0.753,0.29454545454545455,0.7054545454545454,100,0.24,194,0.725
Three obstacles,4,500,0.915,0.8618181818181818,0.13818181818181818,100,0.7,38,0.725
Three obstacles,4,1500,0.93,0.8763636363636363,0.12363636363636364,100,0.64,34,0.725
Offset obstacles,0,100,0.845,0.2875816993464052,0.7124183006535948,106,0.09836065573770492,109,0.847
Offset obstacles,0,500,0.901,0.6143790849673203,0.38562091503267976,106,0.4098360655737705,59,0.847
Offset obstacles,0,1500,0.94,0.7908496732026143,0.20915032679738563,106,0.6721311475409836,32,0.847
Offset obstacles,1,100,0.819,0.13529411764705881,0.8647058823529412,123,0.08108108108108109,147,0.83
Offset obstacles,1,500,0.893,0.6294117647058823,0.37058823529411766,123,0.47297297297297297,63,0.83
Offset obstacles,1,1500,0.934,0.7941176470588235,0.20588235294117646,123,0.6081081081081081,35,0.83
Offset obstacles,2,100,0.783,0.36363636363636365,0.6363636363636364,118,0.2537313432835821,119,0.813
Offset obstacles,2,500,0.883,0.7219251336898396,0.27807486631016043,118,0.5970149253731343,52,0.813
Offset obstacles,2,1500,0.937,0.8342245989304813,0.1657754010695187,118,0.6268656716417911,31,0.813
Offset obstacles,3,100,0.83,0.1724137931034483,0.8275862068965517,112,0.08333333333333333,144,0.826
Offset obstacles,3,500,0.91,0.6436781609195402,0.3563218390804598,112,0.36666666666666664,62,0.826
Offset obstacles,3,1500,0.944,0.8218390804597702,0.1781609195402299,112,0.65,31,0.826
Offset obstacles,4,100,0.842,0.3131868131868132,0.6868131868131868,135,0.24691358024691357,125,0.818
Offset obstacles,4,500,0.886,0.6813186813186813,0.31868131868131866,135,0.5432098765432098,58,0.818
Offset obstacles,4,1500,0.951,0.8901098901098901,0.10989010989010989,135,0.8148148148148148,20,0.818
